date_day,day_of_week,day_of_week_num,month,month_name,quarter,year,week_of_year,is_weekend,is_holiday_vn
2024-01-01,Monday,1,1,January,1,2024,1,False,True
2024-01-02,Tuesday,2,1,January,1,2024,1,False,False
2024-01-03,Wednesday,3,1,January,1,2024,1,False,False
2024-01-04,Thursday,4,1,January,1,2024,1,False,False
2024-01-05,Friday,5,1,January,1,2024,1,False,False
2024-01-06,Saturday,6,1,January,1,2024,1,True,False
2024-01-07,Sunday,7,1,January,1,2024,1,True,False
2024-01-08,Monday,1,1,January,1,2024,2,False,False
2024-01-09,Tuesday,2,1,January,1,2024,2,False,False
2024-01-10,Wednesday,3,1,January,1,2024,2,False,False
2024-01-11,Thursday,4,1,January,1,2024,2,False,False
2024-01-12,Friday,5,1,January,1,2024,2,False,False
2024-01-13,Saturday,6,1,January,1,2024,2,True,False
2024-01-14,Sunday,7,1,January,1,2024,2,True,False
2024-01-15,Monday,1,1,January,1,2024,3,False,False
2024-01-16,Tuesday,2,1,January,1,2024,3,False,False
2024-01-17,Wednesday,3,1,January,1,2024,3,False,False
2024-01-18,Thursday,4,1,January,1,2024,3,False,False
2024-01-19,Friday,5,1,January,1,2024,3,False,False
2024-01-20,Saturday,6,1,January,1,2024,3,True,False
2024-01-21,Sunday,7,1,January,1,2024,3,True,False
2024-01-22,Monday,1,1,January,1,2024,4,False,False
2024-01-23,Tuesday,2,1,January,1,2024,4,False,False
2024-01-24,Wednesday,3,1,January,1,2024,4,False,False
2024-01-25,Thursday,4,1,January,1,2024,4,False,False
2024-01-26,Friday,5,1,January,1,2024,4,False,False
2024-01-27,Saturday,6,1,January,1,2024,4,True,False
2024-01-28,Sunday,7,1,January,1,2024,4,True,False
2024-01-29,Monday,1,1,January,1,2024,5,False,False
2024-01-30,Tuesday,2,1,January,1,2024,5,False,False
2024-01-31,Wednesday,3,1,January,1,2024,5,False,False
2024-02-01,Thursday,4,2,February,1,2024,5,False,False
2024-02-02,Friday,5,2,February,1,2024,5,False,False
2024-02-03,Saturday,6,2,February,1,2024,5,True,False
2024-02-04,Sunday,7,2,February,1,2024,5,True,False
2024-02-05,Monday,1,2,February,1,2024,6,False,False
2024-02-06,Tuesday,2,2,February,1,2024,6,False,False
2024-02-07,Wednesday,3,2,February,1,2024,6,False,False
2024-02-08,Thursday,4,2,February,1,2024,6,False,False
2024-02-09,Friday,5,2,February,1,2024,6,False,False
2024-02-10,Saturday,6,2,February,1,2024,6,True,True
2024-02-11,Sunday,7,2,February,1,2024,6,True,False
2024-02-12,Monday,1,2,February,1,2024,7,False,False
2024-02-13,Tuesday,2,2,February,1,2024,7,False,False
2024-02-14,Wednesday,3,2,February,1,2024,7,False,False
2024-02-15,Thursday,4,2,February,1,2024,7,False,False
2024-02-16,Friday,5,2,February,1,2024,7,False,False
2024-02-17,Saturday,6,2,February,1,2024,7,True,False
2024-02-18,Sunday,7,2,February,1,2024,7,True,False
2024-02-19,Monday,1,2,February,1,2024,8,False,False
2024-02-20,Tuesday,2,2,February,1,2024,8,False,False
2024-02-21,Wednesday,3,2,February,1,2024,8,False,False
2024-02-22,Thursday,4,2,February,1,2024,8,False,False
2024-02-23,Friday,5,2,February,1,2024,8,False,False
2024-02-24,Saturday,6,2,February,1,2024,8,True,False
2024-02-25,Sunday,7,2,February,1,2024,8,True,False
2024-02-26,Monday,1,2,February,1,2024,9,False,False
2024-02-27,Tuesday,2,2,February,1,2024,9,False,False
2024-02-28,Wednesday,3,2,February,1,2024,9,False,False
2024-02-29,Thursday,4,2,February,1,2024,9,False,False
2024-03-01,Friday,5,3,March,1,2024,9,False,False
2024-03-02,Saturday,6,3,March,1,2024,9,True,False
2024-03-03,Sunday,7,3,March,1,2024,9,True,False
2024-03-04,Monday,1,3,March,1,2024,10,False,False
2024-03-05,Tuesday,2,3,March,1,2024,10,False,False
2024-03-06,Wednesday,3,3,March,1,2024,10,False,False
2024-03-07,Thursday,4,3,March,1,2024,10,False,False
2024-03-08,Friday,5,3,March,1,2024,10,False,False
2024-03-09,Saturday,6,3,March,1,2024,10,True,False
2024-03-10,Sunday,7,3,March,1,2024,10,True,False
2024-03-11,Monday,1,3,March,1,2024,11,False,False
2024-03-12,Tuesday,2,3,March,1,2024,11,False,False
2024-03-13,Wednesday,3,3,March,1,2024,11,False,False
2024-03-14,Thursday,4,3,March,1,2024,11,False,False
2024-03-15,Friday,5,3,March,1,2024,11,False,False
2024-03-16,Saturday,6,3,March,1,2024,11,True,False
2024-03-17,Sunday,7,3,March,1,2024,11,True,False
2024-03-18,Monday,1,3,March,1,2024,12,False,False
2024-03-19,Tuesday,2,3,March,1,2024,12,False,False
2024-03-20,Wednesday,3,3,March,1,2024,12,False,False
2024-03-21,Thursday,4,3,March,1,2024,12,False,False
2024-03-22,Friday,5,3,March,1,2024,12,False,False
2024-03-23,Saturday,6,3,March,1,2024,12,True,False
2024-03-24,Sunday,7,3,March,1,2024,12,True,False
2024-03-25,Monday,1,3,March,1,2024,13,False,False
2024-03-26,Tuesday,2,3,March,1,2024,13,False,False
2024-03-27,Wednesday,3,3,March,1,2024,13,False,False
2024-03-28,Thursday,4,3,March,1,2024,13,False,False
2024-03-29,Friday,5,3,March,1,2024,13,False,False
2024-03-30,Saturday,6,3,March,1,2024,13,True,False
2024-03-31,Sunday,7,3,March,1,2024,13,True,False
2024-04-01,Monday,1,4,April,2,2024,14,False,False
2024-04-02,Tuesday,2,4,April,2,2024,14,False,False
2024-04-03,Wednesday,3,4,April,2,2024,14,False,False
2024-04-04,Thursday,4,4,April,2,2024,14,False,False
2024-04-05,Friday,5,4,April,2,2024,14,False,False
2024-04-06,Saturday,6,4,April,2,2024,14,True,False
2024-04-07,Sunday,7,4,April,2,2024,14,True,False
2024-04-08,Monday,1,4,April,2,2024,15,False,False
2024-04-09,Tuesday,2,4,April,2,2024,15,False,False
2024-04-10,Wednesday,3,4,April,2,2024,15,False,False
2024-04-11,Thursday,4,4,April,2,2024,15,False,False
2024-04-12,Friday,5,4,April,2,2024,15,False,False
2024-04-13,Saturday,6,4,April,2,2024,15,True,False
2024-04-14,Sunday,7,4,April,2,2024,15,True,False
2024-04-15,Monday,1,4,April,2,2024,16,False,False
2024-04-16,Tuesday,2,4,April,2,2024,16,False,False
2024-04-17,Wednesday,3,4,April,2,2024,16,False,False
2024-04-18,Thursday,4,4,April,2,2024,16,False,False
2024-04-19,Friday,5,4,April,2,2024,16,False,False
2024-04-20,Saturday,6,4,April,2,2024,16,True,False
2024-04-21,Sunday,7,4,April,2,2024,16,True,False
2024-04-22,Monday,1,4,April,2,2024,17,False,False
2024-04-23,Tuesday,2,4,April,2,2024,17,False,False
2024-04-24,Wednesday,3,4,April,2,2024,17,False,False
2024-04-25,Thursday,4,4,April,2,2024,17,False,False
2024-04-26,Friday,5,4,April,2,2024,17,False,False
2024-04-27,Saturday,6,4,April,2,2024,17,True,False
2024-04-28,Sunday,7,4,April,2,2024,17,True,False
2024-04-29,Monday,1,4,April,2,2024,18,False,False
2024-04-30,Tuesday,2,4,April,2,2024,18,False,True
2024-05-01,Wednesday,3,5,May,2,2024,18,False,True
2024-05-02,Thursday,4,5,May,2,2024,18,False,False
2024-05-03,Friday,5,5,May,2,2024,18,False,False
2024-05-04,Saturday,6,5,May,2,2024,18,True,False
2024-05-05,Sunday,7,5,May,2,2024,18,True,False
2024-05-06,Monday,1,5,May,2,2024,19,False,False
2024-05-07,Tuesday,2,5,May,2,2024,19,False,False
2024-05-08,Wednesday,3,5,May,2,2024,19,False,False
2024-05-09,Thursday,4,5,May,2,2024,19,False,False
2024-05-10,Friday,5,5,May,2,2024,19,False,False
2024-05-11,Saturday,6,5,May,2,2024,19,True,False
2024-05-12,Sunday,7,5,May,2,2024,19,True,False
2024-05-13,Monday,1,5,May,2,2024,20,False,False
2024-05-14,Tuesday,2,5,May,2,2024,20,False,False
2024-05-15,Wednesday,3,5,May,2,2024,20,False,False
2024-05-16,Thursday,4,5,May,2,2024,20,False,False
2024-05-17,Friday,5,5,May,2,2024,20,False,False
2024-05-18,Saturday,6,5,May,2,2024,20,True,False
2024-05-19,Sunday,7,5,May,2,2024,20,True,False
2024-05-20,Monday,1,5,May,2,2024,21,False,False
2024-05-21,Tuesday,2,5,May,2,2024,21,False,False
2024-05-22,Wednesday,3,5,May,2,2024,21,False,False
2024-05-23,Thursday,4,5,May,2,2024,21,False,False
2024-05-24,Friday,5,5,May,2,2024,21,False,False
2024-05-25,Saturday,6,5,May,2,2024,21,True,False
2024-05-26,Sunday,7,5,May,2,2024,21,True,False
2024-05-27,Monday,1,5,May,2,2024,22,False,False
2024-05-28,Tuesday,2,5,May,2,2024,22,False,False
2024-05-29,Wednesday,3,5,May,2,2024,22,False,False
2024-05-30,Thursday,4,5,May,2,2024,22,False,False
2024-05-31,Friday,5,5,May,2,2024,22,False,False
2024-06-01,Saturday,6,6,June,2,2024,22,True,False
2024-06-02,Sunday,7,6,June,2,2024,22,True,False
2024-06-03,Monday,1,6,June,2,2024,23,False,False
2024-06-04,Tuesday,2,6,June,2,2024,23,False,False
2024-06-05,Wednesday,3,6,June,2,2024,23,False,False
2024-06-06,Thursday,4,6,June,2,2024,23,False,False
2024-06-07,Friday,5,6,June,2,2024,23,False,False
2024-06-08,Saturday,6,6,June,2,2024,23,True,False
2024-06-09,Sunday,7,6,June,2,2024,23,True,False
2024-06-10,Monday,1,6,June,2,2024,24,False,False
2024-06-11,Tuesday,2,6,June,2,2024,24,False,False
2024-06-12,Wednesday,3,6,June,2,2024,24,False,False
2024-06-13,Thursday,4,6,June,2,2024,24,False,False
2024-06-14,Friday,5,6,June,2,2024,24,False,False
2024-06-15,Saturday,6,6,June,2,2024,24,True,False
2024-06-16,Sunday,7,6,June,2,2024,24,True,False
2024-06-17,Monday,1,6,June,2,2024,25,False,False
2024-06-18,Tuesday,2,6,June,2,2024,25,False,False
2024-06-19,Wednesday,3,6,June,2,2024,25,False,False
2024-06-20,Thursday,4,6,June,2,2024,25,False,False
2024-06-21,Friday,5,6,June,2,2024,25,False,False
2024-06-22,Saturday,6,6,June,2,2024,25,True,False
2024-06-23,Sunday,7,6,June,2,2024,25,True,False
2024-06-24,Monday,1,6,June,2,2024,26,False,False
2024-06-25,Tuesday,2,6,June,2,2024,26,False,False
2024-06-26,Wednesday,3,6,June,2,2024,26,False,False
2024-06-27,Thursday,4,6,June,2,2024,26,False,False
2024-06-28,Friday,5,6,June,2,2024,26,False,False
2024-06-29,Saturday,6,6,June,2,2024,26,True,False
2024-06-30,Sunday,7,6,June,2,2024,26,True,False
2024-07-01,Monday,1,7,July,3,2024,27,False,False
2024-07-02,Tuesday,2,7,July,3,2024,27,False,False
2024-07-03,Wednesday,3,7,July,3,2024,27,False,False
2024-07-04,Thursday,4,7,July,3,2024,27,False,False
2024-07-05,Friday,5,7,July,3,2024,27,False,False
2024-07-06,Saturday,6,7,July,3,2024,27,True,False
2024-07-07,Sunday,7,7,July,3,2024,27,True,False
2024-07-08,Monday,1,7,July,3,2024,28,False,False
2024-07-09,Tuesday,2,7,July,3,2024,28,False,False
2024-07-10,Wednesday,3,7,July,3,2024,28,False,False
2024-07-11,Thursday,4,7,July,3,2024,28,False,False
2024-07-12,Friday,5,7,July,3,2024,28,False,False
2024-07-13,Saturday,6,7,July,3,2024,28,True,False
2024-07-14,Sunday,7,7,July,3,2024,28,True,False
2024-07-15,Monday,1,7,July,3,2024,29,False,False
2024-07-16,Tuesday,2,7,July,3,2024,29,False,False
2024-07-17,Wednesday,3,7,July,3,2024,29,False,False
2024-07-18,Thursday,4,7,July,3,2024,29,False,False
2024-07-19,Friday,5,7,July,3,2024,29,False,False
2024-07-20,Saturday,6,7,July,3,2024,29,True,False
2024-07-21,Sunday,7,7,July,3,2024,29,True,False
2024-07-22,Monday,1,7,July,3,2024,30,False,False
2024-07-23,Tuesday,2,7,July,3,2024,30,False,False
2024-07-24,Wednesday,3,7,July,3,2024,30,False,False
2024-07-25,Thursday,4,7,July,3,2024,30,False,False
2024-07-26,Friday,5,7,July,3,2024,30,False,False
2024-07-27,Saturday,6,7,July,3,2024,30,True,False
2024-07-28,Sunday,7,7,July,3,2024,30,True,False
2024-07-29,Monday,1,7,July,3,2024,31,False,False
2024-07-30,Tuesday,2,7,July,3,2024,31,False,False
2024-07-31,Wednesday,3,7,July,3,2024,31,False,False
2024-08-01,Thursday,4,8,August,3,2024,31,False,False
2024-08-02,Friday,5,8,August,3,2024,31,False,False
2024-08-03,Saturday,6,8,August,3,2024,31,True,False
2024-08-04,Sunday,7,8,August,3,2024,31,True,False
2024-08-05,Monday,1,8,August,3,2024,32,False,False
2024-08-06,Tuesday,2,8,August,3,2024,32,False,False
2024-08-07,Wednesday,3,8,August,3,2024,32,False,False
2024-08-08,Thursday,4,8,August,3,2024,32,False,False
2024-08-09,Friday,5,8,August,3,2024,32,False,False
2024-08-10,Saturday,6,8,August,3,2024,32,True,False
2024-08-11,Sunday,7,8,August,3,2024,32,True,False
2024-08-12,Monday,1,8,August,3,2024,33,False,False
2024-08-13,Tuesday,2,8,August,3,2024,33,False,False
2024-08-14,Wednesday,3,8,August,3,2024,33,False,False
2024-08-15,Thursday,4,8,August,3,2024,33,False,False
2024-08-16,Friday,5,8,August,3,2024,33,False,False
2024-08-17,Saturday,6,8,August,3,2024,33,True,False
2024-08-18,Sunday,7,8,August,3,2024,33,True,False
2024-08-19,Monday,1,8,August,3,2024,34,False,False
2024-08-20,Tuesday,2,8,August,3,2024,34,False,False
2024-08-21,Wednesday,3,8,August,3,2024,34,False,False
2024-08-22,Thursday,4,8,August,3,2024,34,False,False
2024-08-23,Friday,5,8,August,3,2024,34,False,False
2024-08-24,Saturday,6,8,August,3,2024,34,True,False
2024-08-25,Sunday,7,8,August,3,2024,34,True,False
2024-08-26,Monday,1,8,August,3,2024,35,False,False
2024-08-27,Tuesday,2,8,August,3,2024,35,False,False
2024-08-28,Wednesday,3,8,August,3,2024,35,False,False
2024-08-29,Thursday,4,8,August,3,2024,35,False,False
2024-08-30,Friday,5,8,August,3,2024,35,False,False
2024-08-31,Saturday,6,8,August,3,2024,35,True,False
2024-09-01,Sunday,7,9,September,3,2024,35,True,False
2024-09-02,Monday,1,9,September,3,2024,36,False,True
2024-09-03,Tuesday,2,9,September,3,2024,36,False,False
2024-09-04,Wednesday,3,9,September,3,2024,36,False,False
2024-09-05,Thursday,4,9,September,3,2024,36,False,False
2024-09-06,Friday,5,9,September,3,2024,36,False,False
2024-09-07,Saturday,6,9,September,3,2024,36,True,False
2024-09-08,Sunday,7,9,September,3,2024,36,True,False
2024-09-09,Monday,1,9,September,3,2024,37,False,False
2024-09-10,Tuesday,2,9,September,3,2024,37,False,False
2024-09-11,Wednesday,3,9,September,3,2024,37,False,False
2024-09-12,Thursday,4,9,September,3,2024,37,False,False
2024-09-13,Friday,5,9,September,3,2024,37,False,False
2024-09-14,Saturday,6,9,September,3,2024,37,True,False
2024-09-15,Sunday,7,9,September,3,2024,37,True,False
2024-09-16,Monday,1,9,September,3,2024,38,False,False
2024-09-17,Tuesday,2,9,September,3,2024,38,False,False
2024-09-18,Wednesday,3,9,September,3,2024,38,False,False
2024-09-19,Thursday,4,9,September,3,2024,38,False,False
2024-09-20,Friday,5,9,September,3,2024,38,False,False
2024-09-21,Saturday,6,9,September,3,2024,38,True,False
2024-09-22,Sunday,7,9,September,3,2024,38,True,False
2024-09-23,Monday,1,9,September,3,2024,39,False,False
2024-09-24,Tuesday,2,9,September,3,2024,39,False,False
2024-09-25,Wednesday,3,9,September,3,2024,39,False,False
2024-09-26,Thursday,4,9,September,3,2024,39,False,False
2024-09-27,Friday,5,9,September,3,2024,39,False,False
2024-09-28,Saturday,6,9,September,3,2024,39,True,False
2024-09-29,Sunday,7,9,September,3,2024,39,True,False
2024-09-30,Monday,1,9,September,3,2024,40,False,False
2024-10-01,Tuesday,2,10,October,4,2024,40,False,False
2024-10-02,Wednesday,3,10,October,4,2024,40,False,False
2024-10-03,Thursday,4,10,October,4,2024,40,False,False
2024-10-04,Friday,5,10,October,4,2024,40,False,False
2024-10-05,Saturday,6,10,October,4,2024,40,True,False
2024-10-06,Sunday,7,10,October,4,2024,40,True,False
2024-10-07,Monday,1,10,October,4,2024,41,False,False
2024-10-08,Tuesday,2,10,October,4,2024,41,False,False
2024-10-09,Wednesday,3,10,October,4,2024,41,False,False
2024-10-10,Thursday,4,10,October,4,2024,41,False,False
2024-10-11,Friday,5,10,October,4,2024,41,False,False
2024-10-12,Saturday,6,10,October,4,2024,41,True,False
2024-10-13,Sunday,7,10,October,4,2024,41,True,False
2024-10-14,Monday,1,10,October,4,2024,42,False,False
2024-10-15,Tuesday,2,10,October,4,2024,42,False,False
2024-10-16,Wednesday,3,10,October,4,2024,42,False,False
2024-10-17,Thursday,4,10,October,4,2024,42,False,False
2024-10-18,Friday,5,10,October,4,2024,42,False,False
2024-10-19,Saturday,6,10,October,4,2024,42,True,False
2024-10-20,Sunday,7,10,October,4,2024,42,True,False
2024-10-21,Monday,1,10,October,4,2024,43,False,False
2024-10-22,Tuesday,2,10,October,4,2024,43,False,False
2024-10-23,Wednesday,3,10,October,4,2024,43,False,False
2024-10-24,Thursday,4,10,October,4,2024,43,False,False
2024-10-25,Friday,5,10,October,4,2024,43,False,False
2024-10-26,Saturday,6,10,October,4,2024,43,True,False
2024-10-27,Sunday,7,10,October,4,2024,43,True,False
2024-10-28,Monday,1,10,October,4,2024,44,False,False
2024-10-29,Tuesday,2,10,October,4,2024,44,False,False
2024-10-30,Wednesday,3,10,October,4,2024,44,False,False
2024-10-31,Thursday,4,10,October,4,2024,44,False,False
2024-11-01,Friday,5,11,November,4,2024,44,False,False
2024-11-02,Saturday,6,11,November,4,2024,44,True,False
2024-11-03,Sunday,7,11,November,4,2024,44,True,False
2024-11-04,Monday,1,11,November,4,2024,45,False,False
2024-11-05,Tuesday,2,11,November,4,2024,45,False,False
2024-11-06,Wednesday,3,11,November,4,2024,45,False,False
2024-11-07,Thursday,4,11,November,4,2024,45,False,False
2024-11-08,Friday,5,11,November,4,2024,45,False,False
2024-11-09,Saturday,6,11,November,4,2024,45,True,False
2024-11-10,Sunday,7,11,November,4,2024,45,True,False
2024-11-11,Monday,1,11,November,4,2024,46,False,False
2024-11-12,Tuesday,2,11,November,4,2024,46,False,False
2024-11-13,Wednesday,3,11,November,4,2024,46,False,False
2024-11-14,Thursday,4,11,November,4,2024,46,False,False
2024-11-15,Friday,5,11,November,4,2024,46,False,False
2024-11-16,Saturday,6,11,November,4,2024,46,True,False
2024-11-17,Sunday,7,11,November,4,2024,46,True,False
2024-11-18,Monday,1,11,November,4,2024,47,False,False
2024-11-19,Tuesday,2,11,November,4,2024,47,False,False
2024-11-20,Wednesday,3,11,November,4,2024,47,False,False
2024-11-21,Thursday,4,11,November,4,2024,47,False,False
2024-11-22,Friday,5,11,November,4,2024,47,False,False
2024-11-23,Saturday,6,11,November,4,2024,47,True,False
2024-11-24,Sunday,7,11,November,4,2024,47,True,False
2024-11-25,Monday,1,11,November,4,2024,48,False,False
2024-11-26,Tuesday,2,11,November,4,2024,48,False,False
2024-11-27,Wednesday,3,11,November,4,2024,48,False,False
2024-11-28,Thursday,4,11,November,4,2024,48,False,False
2024-11-29,Friday,5,11,November,4,2024,48,False,False
2024-11-30,Saturday,6,11,November,4,2024,48,True,False
2024-12-01,Sunday,7,12,December,4,2024,48,True,False
2024-12-02,Monday,1,12,December,4,2024,49,False,False
2024-12-03,Tuesday,2,12,December,4,2024,49,False,False
2024-12-04,Wednesday,3,12,December,4,2024,49,False,False
2024-12-05,Thursday,4,12,December,4,2024,49,False,False
2024-12-06,Friday,5,12,December,4,2024,49,False,False
2024-12-07,Saturday,6,12,December,4,2024,49,True,False
2024-12-08,Sunday,7,12,December,4,2024,49,True,False
2024-12-09,Monday,1,12,December,4,2024,50,False,False
2024-12-10,Tuesday,2,12,December,4,2024,50,False,False
2024-12-11,Wednesday,3,12,December,4,2024,50,False,False
2024-12-12,Thursday,4,12,December,4,2024,50,False,False
2024-12-13,Friday,5,12,December,4,2024,50,False,False
2024-12-14,Saturday,6,12,December,4,2024,50,True,False
2024-12-15,Sunday,7,12,December,4,2024,50,True,False
2024-12-16,Monday,1,12,December,4,2024,51,False,False
2024-12-17,Tuesday,2,12,December,4,2024,51,False,False
2024-12-18,Wednesday,3,12,December,4,2024,51,False,False
2024-12-19,Thursday,4,12,December,4,2024,51,False,False
2024-12-20,Friday,5,12,December,4,2024,51,False,False
2024-12-21,Saturday,6,12,December,4,2024,51,True,False
2024-12-22,Sunday,7,12,December,4,2024,51,True,False
2024-12-23,Monday,1,12,December,4,2024,52,False,False
2024-12-24,Tuesday,2,12,December,4,2024,52,False,False
2024-12-25,Wednesday,3,12,December,4,2024,52,False,False
2024-12-26,Thursday,4,12,December,4,2024,52,False,False
2024-12-27,Friday,5,12,December,4,2024,52,False,False
2024-12-28,Saturday,6,12,December,4,2024,52,True,False
2024-12-29,Sunday,7,12,December,4,2024,52,True,False
2024-12-30,Monday,1,12,December,4,2024,1,False,False
2024-12-31,Tuesday,2,12,December,4,2024,1,False,False
